<graphData title="Pipeline total is $3965K">
     <yData defaultAltText="Rollover a bar for details.">
     <dataRow title="Prospecting" endLabel="515">
          <bar id="1" totalSize="515" altText="admin: 13 opportunities worth 515K  where sales stage is Prospecting" url="index.php?module=Opportunities&action=ListView&assigned_user_id[]=1&sales_stage=Prospecting&query=true"/>
     </dataRow>
     <dataRow title="Qualification" endLabel="250">
          <bar id="1" totalSize="250" altText="admin: 10 opportunities worth 250K  where sales stage is Qualification" url="index.php?module=Opportunities&action=ListView&assigned_user_id[]=1&sales_stage=Qualification&query=true"/>
     </dataRow>
     <dataRow title="Needs Analysis" endLabel="405">
          <bar id="1" totalSize="405" altText="admin: 9 opportunities worth 405K  where sales stage is Needs Analysis" url="index.php?module=Opportunities&action=ListView&assigned_user_id[]=1&sales_stage=Needs+Analysis&query=true"/>
     </dataRow>
     <dataRow title="Value Proposition" endLabel="480">
          <bar id="1" totalSize="480" altText="admin: 11 opportunities worth 480K  where sales stage is Value Proposition" url="index.php?module=Opportunities&action=ListView&assigned_user_id[]=1&sales_stage=Value+Proposition&query=true"/>
     </dataRow>
     <dataRow title="Id. Decision Makers" endLabel="500">
          <bar id="1" totalSize="500" altText="admin: 13 opportunities worth 500K  where sales stage is Id. Decision Makers" url="index.php?module=Opportunities&action=ListView&assigned_user_id[]=1&sales_stage=Id.+Decision+Makers&query=true"/>
     </dataRow>
     <dataRow title="Perception Analysis" endLabel="235">
          <bar id="1" totalSize="235" altText="admin: 5 opportunities worth 235K  where sales stage is Perception Analysis" url="index.php?module=Opportunities&action=ListView&assigned_user_id[]=1&sales_stage=Perception+Analysis&query=true"/>
     </dataRow>
     <dataRow title="Proposal/Price Quote" endLabel="205">
          <bar id="1" totalSize="205" altText="admin: 7 opportunities worth 205K  where sales stage is Proposal/Price Quote" url="index.php?module=Opportunities&action=ListView&assigned_user_id[]=1&sales_stage=Proposal%2FPrice+Quote&query=true"/>
     </dataRow>
     <dataRow title="Negotiation/Review" endLabel="295">
          <bar id="1" totalSize="295" altText="admin: 7 opportunities worth 295K  where sales stage is Negotiation/Review" url="index.php?module=Opportunities&action=ListView&assigned_user_id[]=1&sales_stage=Negotiation%2FReview&query=true"/>
     </dataRow>
     <dataRow title="Closed Won" endLabel="620">
          <bar id="1" totalSize="620" altText="admin: 12 opportunities worth 620K  where sales stage is Closed Won" url="index.php?module=Opportunities&action=ListView&assigned_user_id[]=1&sales_stage=Closed+Won&query=true"/>
     </dataRow>
     <dataRow title="Closed Lost" endLabel="460">
          <bar id="1" totalSize="460" altText="admin: 10 opportunities worth 460K  where sales stage is Closed Lost" url="index.php?module=Opportunities&action=ListView&assigned_user_id[]=1&sales_stage=Closed+Lost&query=true"/>
     </dataRow>
     </yData>
     <xData min="0" max="700" length="4" prefix="$" suffix=""/>
     <colorLegend>
          <mapping id="1" name="admin" color="0xFF0000"/>
     </colorLegend>
     <graphInfo>
          <![CDATA[Date range is 2005-01-25 to 2100-01-01<BR/>Opportunity size in $1K]]>
     </graphInfo>
     <chartColors  docBorder="0x777777"  docBg1="0xfefefe"  docBg2="0xe1e1e1"  xText="0x666666"  yText="0x666666"  title="0x555555"  misc="0x666666"  altBorder="0x666666"  altBg="0xFFF9B7"  altText="0x666666"  graphBorder="0x444444"  graphBg1="0xCCCCCC"  graphBg2="0xefefef"  graphLines="0xEEEEEE"  graphText="0x222222"  graphTextShadow="0xFFFFFF"  barBorder="0x666666"  barBorderHilite="0xFFFFFF"  legendBorder="0x777777"  legendBg1="0xCCDFFF"  legendBg2="0xE0ECFF"  legendText="0x444444"  legendColorKeyBorder="0x777777"  scrollBar="0x999999"  scrollBarBorder="0x777777"  scrollBarTrack="0xeeeeee"  scrollBarTrackBorder="0x777777"  />
</graphData>
